{"stats":{"minecraft:dropped":{"minecraft:diamond_axe":1,"iceandfire:dragonegg_red":1,"minecraft:snowball":48,"minecraft:egg":1},"minecraft:killed_by":{"alexsmobs:leafcutter_ant":1,"minecraft:drowned":1,"alexsmobs:anaconda":2},"minecraft:picked_up":{"minecraft:wooden_axe":1,"minecraft:cocoa_beans":5,"minecraft:wheat":14,"minecraft:splash_potion":1,"minecraft:gold_block":2,"minecraft:enchanted_book":2,"minecraft:cornflower":2,"minecraft:string":1,"minecraft:cracked_stone_bricks":2,"alexsmobs:banana":10,"minecraft:jungle_sapling":34,"minecraft:poppy":7,"minecraft:melon_slice":1,"minecraft:sugar_cane":6,"minecraft:birch_sapling":13,"webdisplays:screen":64,"minecraft:egg":2,"minecraft:raw_iron":5,"minecraft:stick":87,"apotheosis:gem":6,"minecraft:torch":2,"minecraft:acacia_log":11,"tombstone:grave_dust":2,"minecraft:vine":11,"minecraft:redstone":1,"minecraft:arrow":1,"minecraft:rotten_flesh":17,"minecraft:hay_block":20,"minecraft:red_tulip":2,"minecraft:pink_tulip":8,"minecraft:gold_ingot":1,"minecraft:obsidian":1,"minecraft:snowball":738,"minecraft:cobblestone":65,"minecraft:oxeye_daisy":1,"minecraft:birch_log":51,"minecraft:magma_block":6,"minecraft:lilac":2,"minecraft:jungle_log":478,"minecraft:potato":1,"minecraft:flint":3,"minecraft:oak_log":160,"minecraft:lapis_lazuli":1,"cataclysm:gauntlet_of_guard":1,"projecte:rm_shovel":1,"minecraft:dirt":58,"minecraft:bone":1,"minecraft:apple":9,"minecraft:stone_bricks":3,"minecraft:wheat_seeds":67,"minecraft:orange_tulip":1,"projecte:philosophers_stone":1,"minecraft:iron_ingot":1,"minecraft:mossy_stone_bricks":1,"minecraft:bamboo":223,"minecraft:iron_sword":1,"minecraft:acacia_sapling":4,"sophisticatedbackpacks:diamond_backpack":1,"minecraft:dandelion":4,"minecraft:gravel":88,"minecraft:jungle_planks":2,"minecraft:lily_of_the_valley":1,"iceandfire:dragonegg_red":1,"minecraft:jungle_leaves":2,"minecraft:diamond":1,"webdisplays:minepad":1,"minecraft:iron_helmet":1,"minecraft:diamond_axe":1,"minecraft:bone_meal":1,"projecte:transmutation_table":9,"minecraft:bread":62,"tombstone:magic_scroll":1,"minecraft:oak_sapling":60,"minecraft:coal":23,"minecraft:netherrack":1,"iceandfire:raw_silver":3},"minecraft:killed":{"minecraft:spider":1,"minecraft:skeleton":4,"minecraft:zombie":13,"alexsmobs:fly":1},"minecraft:used":{"minecraft:stone_shovel":5,"minecraft:iron_sword":106,"minecraft:wooden_shovel":59,"minecraft:torch":24,"minecraft:dirt":20,"minecraft:wheat":7,"minecraft:jungle_planks":49,"minecraft:snowball":32,"minecraft:wooden_axe":8,"minecraft:iron_axe":259,"minecraft:jungle_log":15,"minecraft:bamboo":12,"tombstone:gift":2,"minecraft:egg":1,"minecraft:wheat_seeds":29,"minecraft:stone_pickaxe":64,"minecraft:wooden_pickaxe":4,"minecraft:diamond_axe":515,"minecraft:jungle_boat":2,"minecraft:cracked_stone_bricks":1,"minecraft:crafting_table":7,"minecraft:shears":13,"minecraft:wooden_hoe":42,"projecte:transmutation_table":9,"minecraft:bread":30,"minecraft:iron_pickaxe":55,"tombstone:magic_scroll":1,"projecte:rm_shovel":418,"minecraft:stone_axe":188,"minecraft:cobblestone":16,"minecraft:birch_log":1,"webdisplays:screen":60,"minecraft:bone_meal":129,"minecraft:splash_potion":6},"minecraft:mined":{"iceandfire:silver_ore":3,"alexsmobs:leafcutter_anthill":1,"minecraft:jungle_leaves":3,"minecraft:acacia_log":11,"minecraft:grass_block":28,"minecraft:jungle_planks":2,"minecraft:jungle_log":506,"minecraft:oxeye_daisy":1,"minecraft:hay_block":20,"minecraft:magma_block":6,"minecraft:iron_ore":5,"minecraft:snow":18,"minecraft:gold_block":2,"minecraft:red_tulip":2,"minecraft:vine":38,"minecraft:pink_tulip":11,"minecraft:bamboo":13,"minecraft:stone":62,"minecraft:lily_of_the_valley":1,"minecraft:snow_block":369,"minecraft:dandelion":4,"minecraft:cornflower":2,"minecraft:poppy":7,"minecraft:tall_grass":13,"minecraft:cobblestone":4,"minecraft:sugar_cane":1,"minecraft:wall_torch":2,"projecte:transmutation_table":8,"minecraft:birch_log":53,"minecraft:wheat":38,"minecraft:lilac":3,"minecraft:orange_tulip":2,"minecraft:grass":87,"minecraft:coal_ore":22,"minecraft:oak_log":176,"minecraft:gravel":92,"minecraft:dirt":35,"minecraft:cracked_stone_bricks":2,"minecraft:stone_bricks":3,"minecraft:netherrack":1,"minecraft:mossy_stone_bricks":1,"minecraft:oak_leaves":13,"minecraft:fern":5},"minecraft:crafted":{"minecraft:oak_planks":28,"minecraft:stone_shovel":1,"minecraft:iron_axe":1,"minecraft:stone_pickaxe":1,"minecraft:wooden_shovel":1,"minecraft:diamond_axe":1,"minecraft:crafting_table":7,"minecraft:jungle_boat":2,"minecraft:wooden_pickaxe":1,"minecraft:stone_axe":2,"minecraft:jungle_planks":136,"minecraft:wooden_hoe":1,"minecraft:stick":12,"minecraft:iron_pickaxe":1,"minecraft:torch":52,"minecraft:shears":1},"minecraft:broken":{"minecraft:wooden_shovel":1,"minecraft:iron_axe":1,"minecraft:stone_axe":1},"minecraft:custom":{"minecraft:mob_kills":20,"minecraft:interact_with_crafting_table":16,"minecraft:damage_dealt_resisted":0,"minecraft:leave_game":2,"minecraft:time_since_death":48663,"minecraft:climb_one_cm":1333,"minecraft:sprint_one_cm":247685,"minecraft:walk_one_cm":278485,"minecraft:drop":6,"minecraft:talked_to_villager":1,"minecraft:play_time":122625,"minecraft:deaths":4,"minecraft:sneak_time":2804,"minecraft:walk_under_water_one_cm":7830,"minecraft:boat_one_cm":154710,"minecraft:jump":1535,"minecraft:walk_on_water_one_cm":6154,"minecraft:total_world_time":122625,"minecraft:time_since_rest":47915,"minecraft:damage_taken":2451,"minecraft:damage_dealt":4997,"minecraft:swim_one_cm":6463,"minecraft:fly_one_cm":287813,"minecraft:open_chest":4,"minecraft:crouch_one_cm":3226,"tombstone:undead_killed":17,"minecraft:fall_one_cm":35385}},"DataVersion":3465}