{"stats":{"minecraft:picked_up":{"minecraft:birch_log":23,"minecraft:stick":9,"minecraft:crafting_table":2,"apotheosis:gem":7,"minecraft:feather":2,"minecraft:chicken":3,"minecraft:porkchop":9,"minecraft:oak_log":69,"minecraft:apple":1,"minecraft:wheat_seeds":1,"minecraft:oak_sapling":21,"minecraft:birch_sapling":1,"minecraft:coal":47,"iceandfire:raw_silver":2,"minecraft:cobblestone":167,"minecraft:egg":1},"minecraft:killed":{"minecraft:pig":4,"alexsmobs:terrapin":2,"minecraft:chicken":3},"minecraft:mined":{"iceandfire:silver_ore":2,"minecraft:birch_log":24,"minecraft:crafting_table":2,"minecraft:glow_lichen":1,"minecraft:grass":3,"minecraft:oak_log":76,"minecraft:coal_ore":48,"minecraft:cobblestone":2,"minecraft:stone":178,"minecraft:oak_leaves":2},"minecraft:used":{"minecraft:wooden_axe":71,"minecraft:apple":1,"minecraft:stone_pickaxe":222,"minecraft:chest":1,"minecraft:wooden_pickaxe":9,"minecraft:cooked_chicken":2,"minecraft:stone_axe":68,"minecraft:torch":19,"minecraft:cobblestone":59,"minecraft:crafting_table":3,"minecraft:furnace":3,"minecraft:cooked_porkchop":1,"alexsmobs:animal_dictionary":2},"minecraft:crafted":{"minecraft:oak_planks":148,"minecraft:cooked_porkchop":3,"iceandfire:silver_ingot":2,"minecraft:crafting_table":1,"minecraft:stick":52,"minecraft:cooked_chicken":2,"minecraft:wooden_pickaxe":1,"minecraft:stone_pickaxe":3,"minecraft:wooden_axe":1,"minecraft:chest":1,"minecraft:furnace":3,"minecraft:torch":20,"minecraft:stone_axe":1,"minecraft:air":0},"minecraft:broken":{"minecraft:stone_pickaxe":1,"minecraft:wooden_axe":1},"minecraft:custom":{"minecraft:time_since_rest":26847,"minecraft:interact_with_furnace":12,"minecraft:sprint_one_cm":27340,"minecraft:damage_taken":200,"minecraft:walk_one_cm":73878,"minecraft:mob_kills":9,"minecraft:damage_dealt":710,"minecraft:swim_one_cm":4115,"minecraft:interact_with_crafting_table":11,"minecraft:fly_one_cm":19405,"minecraft:open_chest":3,"minecraft:crouch_one_cm":4790,"minecraft:play_time":26847,"minecraft:sneak_time":2245,"minecraft:walk_under_water_one_cm":3125,"minecraft:jump":306,"minecraft:leave_game":1,"minecraft:walk_on_water_one_cm":6155,"minecraft:time_since_death":26847,"minecraft:total_world_time":26847,"minecraft:fall_one_cm":6929}},"DataVersion":3465}