{"stats":{"minecraft:used":{"webdisplays:linker":10,"minecraft:water_bucket":1,"webdisplays:keyboard":3,"ars_nouveau:drygmy_se":1,"minecraft:ender_pearl":2,"minecraft:cactus":2,"minecraft:iron_sword":22,"minecraft:diamond_axe":26,"minecraft:iron_chestplate":1,"minecraft:dirt":9,"minecraft:sand":2,"minecraft:crafting_table":2,"apotheosis:boss_summoner":1,"minecraft:diamond_pickaxe":11,"minecraft:bread":13,"minecraft:iron_pickaxe":3,"tombstone:magic_scroll":2,"minecraft:iron_helmet":1,"minecraft:iron_boots":1,"minecraft:diamond_sword":13,"minecraft:cobblestone":12,"minecraft:bucket":1,"tombstone:gift":2,"alexsmobs:animal_dictionary":1,"iceandfire:dragonegg_red":1,"webdisplays:screencfg":3,"minecraft:iron_leggings":1},"minecraft:custom":{"minecraft:mob_kills":6,"minecraft:interact_with_crafting_table":7,"minecraft:damage_dealt_resisted":0,"minecraft:leave_game":2,"minecraft:time_since_death":5256,"minecraft:climb_one_cm":600,"minecraft:time_since_rest":4874,"minecraft:sprint_one_cm":55059,"minecraft:damage_taken":789,"minecraft:walk_one_cm":125915,"minecraft:drop":52,"minecraft:damage_dealt":928,"minecraft:fly_one_cm":186483,"minecraft:crouch_one_cm":2513,"minecraft:play_time":89912,"tombstone:undead_killed":2,"minecraft:deaths":1,"minecraft:sneak_time":2204,"minecraft:jump":408,"minecraft:walk_on_water_one_cm":513,"minecraft:total_world_time":89912,"minecraft:fall_one_cm":8112},"minecraft:mined":{"minecraft:grass_block":2,"minecraft:cobblestone":3,"minecraft:grass":18,"minecraft:dirt":3,"minecraft:stone":9},"minecraft:dropped":{"minecraft:enchanted_book":1,"webdisplays:minepad":1,"minecraft:iron_ingot":97,"minecraft:bread":190,"minecraft:iron_sword":2,"minecraft:wheat_seeds":1,"minecraft:lapis_lazuli":1,"minecraft:netherite_ingot":128,"minecraft:oak_log":5,"webdisplays:screen":64,"minecraft:diamond":1,"projecte:transmutation_table":1,"minecraft:obsidian":1,"minecraft:iron_helmet":3,"minecraft:rotten_flesh":2,"minecraft:iron_boots":2,"sophisticatedbackpacks:diamond_backpack":1,"minecraft:coal":1,"projecte:rm_shovel":1,"minecraft:shield":1,"minecraft:iron_chestplate":2,"cataclysm:gauntlet_of_guard":1,"minecraft:iron_leggings":2,"projecte:philosophers_stone":1,"minecraft:iron_axe":2,"minecraft:sand":1,"minecraft:iron_pickaxe":2,"minecraft:cactus":1,"minecraft:splash_potion":1,"minecraft:gold_ingot":97,"minecraft:redstone":1},"minecraft:crafted":{"minecraft:oak_planks":40,"sophisticatedbackpacks:gold_backpack":2,"sophisticatedbackpacks:diamond_backpack":2,"sophisticatedbackpacks:iron_backpack":2},"minecraft:picked_up":{"minecraft:iron_chestplate":1,"minecraft:leather_leggings":1,"minecraft:oak_log":5,"minecraft:shield":1,"minecraft:dirt":13,"minecraft:string":1,"minecraft:iron_axe":1,"minecraft:iron_leggings":1,"minecraft:netherite_ingot":64,"minecraft:apple":1,"minecraft:wheat_seeds":9,"minecraft:iron_ingot":48,"minecraft:iron_pickaxe":1,"minecraft:iron_sword":1,"minecraft:iron_boots":1,"apotheosis:gem":1,"iceandfire:dragonegg_red":1,"minecraft:rotten_flesh":4,"minecraft:iron_helmet":2,"minecraft:gold_ingot":48,"minecraft:bread":128,"tombstone:magic_scroll":1,"minecraft:cobblestone":12},"minecraft:killed":{"minecraft:husk":1,"alexsmobs:anaconda":3,"minecraft:spider":1,"minecraft:zombie":1},"minecraft:killed_by":{"alexsmobs:anaconda":1}},"DataVersion":3465}